City_ID,City,Country,Date,Lat,Lng,Max Temp,Humidity,Cloudiness,Wind Speed
0,Manzanillo,CU,2020-08-29 17:36:50,20.34,-77.12,90.86,60,1,3.42
1,Mataura,NZ,2020-08-29 17:35:07,-46.19,168.86,48.61,82,100,7.0
2,Ushuaia,AR,2020-08-29 17:33:59,-54.8,-68.3,32.0,83,75,12.75
3,Avarua,CK,2020-08-29 17:38:18,-21.21,-159.78,71.6,83,2,11.41
4,Coaldale,CA,2020-08-29 17:38:17,49.72,-112.62,64.99,52,75,18.34
5,Rikitea,PF,2020-08-29 17:38:18,-23.12,-134.97,69.87,66,92,6.46
6,Hermanus,ZA,2020-08-29 17:35:11,-34.42,19.23,42.01,86,64,1.01
7,Kavieng,PG,2020-08-29 17:38:18,-2.57,150.8,81.45,77,35,11.32
8,Bredasdorp,ZA,2020-08-29 17:35:06,-34.53,20.04,44.6,87,70,6.93
9,Puerto Ayora,EC,2020-08-29 17:35:05,-0.74,-90.35,73.4,69,20,19.46
10,Vaini,TO,2020-08-29 17:32:26,-21.2,-175.2,73.4,88,20,8.05
11,Chilca,PE,2020-08-29 17:38:19,-12.52,-76.74,62.6,77,90,5.82
12,Adrar,MR,2020-08-29 17:36:38,20.5,-10.07,106.41,7,0,17.92
13,Kahului,US,2020-08-29 17:33:00,20.89,-156.47,78.8,65,40,9.17
14,Naze,JP,2020-08-29 17:35:07,28.37,129.48,80.6,94,75,5.82
15,Veraval,IN,2020-08-29 17:38:19,20.9,70.37,79.59,89,100,13.27
16,Port Lincoln,AU,2020-08-29 17:38:19,-34.73,135.87,56.89,76,57,16.58
17,Paracuru,BR,2020-08-29 17:38:19,-3.41,-39.03,80.01,74,13,30.0
18,Mzimba,MW,2020-08-29 17:38:19,-11.9,33.6,70.97,38,57,12.37
19,Islamkot,PK,2020-08-29 17:38:20,24.7,70.18,87.24,70,99,11.7
20,Cape Town,ZA,2020-08-29 17:34:17,-33.93,18.42,50.0,57,40,14.99
21,Wattegama,LK,2020-08-29 17:38:20,6.8,81.48,78.8,73,56,4.32
22,Quatre Cocos,MU,2020-08-29 17:36:41,-20.21,57.76,71.6,73,75,14.99
23,Basoda,IN,2020-08-29 17:38:20,23.85,77.93,75.67,92,99,13.42
24,Albany,US,2020-08-29 17:35:02,42.6,-73.97,75.99,85,100,6.78
25,Fortuna,US,2020-08-29 17:38:08,40.6,-124.16,59.0,100,90,4.7
26,Sibolga,ID,2020-08-29 17:38:21,1.74,98.78,77.56,83,99,3.22
27,Barrow,US,2020-08-29 17:36:26,71.29,-156.79,37.4,86,90,18.34
28,Vanimo,PG,2020-08-29 17:38:21,-2.67,141.3,76.46,82,82,5.44
29,Mount Isa,AU,2020-08-29 17:36:38,-20.73,139.5,62.6,46,0,13.8
30,Leningradskiy,RU,2020-08-29 17:38:21,69.38,178.42,36.3,92,100,8.28
31,Hilo,US,2020-08-29 17:38:21,19.73,-155.09,73.0,78,40,5.82
32,Tasiilaq,GL,2020-08-29 17:36:39,65.61,-37.64,42.8,70,75,18.34
33,Busselton,AU,2020-08-29 17:36:34,-33.65,115.33,42.01,69,5,7.16
34,Tenenkou,ML,2020-08-29 17:38:21,14.46,-4.92,87.17,53,99,7.34
35,Daura,NG,2020-08-29 17:38:21,11.55,11.41,76.8,82,73,2.13
36,Bluff,NZ,2020-08-29 17:36:37,-46.6,168.33,52.47,79,96,31.54
37,Port Hardy,CA,2020-08-29 17:38:22,50.7,-127.42,59.0,77,40,11.41
38,Thompson,CA,2020-08-29 17:33:29,55.74,-97.86,53.6,76,75,2.24
39,Tuktoyaktuk,CA,2020-08-29 17:38:22,69.45,-133.04,42.8,87,75,10.29
40,Jamestown,US,2020-08-29 17:35:32,42.1,-79.24,75.0,78,75,17.22
41,Kapaa,US,2020-08-29 17:36:25,22.08,-159.32,73.4,88,90,8.05
42,Muros,ES,2020-08-29 17:32:57,42.78,-9.06,68.0,59,0,11.99
43,Bac Lieu,VN,2020-08-29 17:38:22,9.29,105.72,80.6,87,27,8.48
44,Hobart,AU,2020-08-29 17:36:11,-42.88,147.33,55.0,81,99,2.24
45,Camrose,CA,2020-08-29 17:38:23,53.02,-112.84,55.99,51,100,7.0
46,Pevek,RU,2020-08-29 17:38:23,69.7,170.31,37.22,84,100,5.77
47,Gayeri,BF,2020-08-29 17:36:36,12.65,0.49,78.15,84,100,7.25
48,Cap Malheureux,MU,2020-08-29 17:38:23,-19.98,57.61,71.01,77,9,8.99
49,Georgetown,MY,2020-08-29 17:35:28,5.41,100.34,84.2,74,20,3.36
50,Kruisfontein,ZA,2020-08-29 17:36:44,-34.0,24.73,46.99,70,25,5.01
51,Katsuura,JP,2020-08-29 17:38:23,35.13,140.3,82.4,88,75,9.17
52,Yabassi,CM,2020-08-29 17:38:23,4.46,9.97,82.4,74,40,5.82
53,Saint Anthony,US,2020-08-29 17:38:23,45.02,-93.22,73.99,53,1,9.17
54,Pochutla,MX,2020-08-29 17:38:24,15.74,-96.47,86.0,70,75,4.54
55,Hithadhoo,MV,2020-08-29 17:36:25,-0.6,73.08,82.45,75,100,11.23
56,Lompoc,US,2020-08-29 17:36:46,34.64,-120.46,60.8,82,90,3.36
57,Hun,LY,2020-08-29 17:38:24,29.13,15.95,90.79,19,0,10.69
58,Norman Wells,CA,2020-08-29 17:33:22,65.28,-126.83,44.6,70,40,9.17
59,Playa Vicente,MX,2020-08-29 17:38:24,17.83,-95.82,86.79,71,91,5.12
60,Punta Arenas,CL,2020-08-29 17:36:26,-53.15,-70.92,41.0,80,75,32.21
61,Salalah,OM,2020-08-29 17:38:24,17.02,54.09,77.0,94,90,5.82
62,Lodja,CD,2020-08-29 17:38:24,-3.48,23.43,74.64,81,90,3.94
63,Beech Grove,US,2020-08-29 17:35:44,39.72,-86.09,82.99,65,75,6.93
64,Zhigansk,RU,2020-08-29 17:38:25,66.77,123.37,53.55,60,100,8.79
65,Batagay-Alyta,RU,2020-08-29 17:36:53,67.8,130.41,44.65,67,99,1.7
66,Dickinson,US,2020-08-29 17:38:25,29.46,-95.05,93.99,56,75,6.93
67,Santa Isabel,BR,2020-08-29 17:38:25,-23.32,-46.22,86.0,32,0,5.82
68,Barentu,ER,2020-08-29 17:38:25,15.11,37.59,75.7,78,100,7.87
69,Mulege,MX,2020-08-29 17:38:25,26.88,-111.98,87.21,65,91,7.38
70,Kaili,ID,2020-08-29 17:38:26,-3.46,120.21,68.68,86,100,2.04
71,Point Pedro,LK,2020-08-29 17:38:26,9.82,80.23,81.93,82,79,18.88
72,Erenhot,CN,2020-08-29 17:38:26,43.65,111.98,59.63,89,100,3.96
73,Trofors,NO,2020-08-29 17:38:26,65.53,13.41,51.8,76,88,5.82
74,Hasaki,JP,2020-08-29 17:36:43,35.73,140.83,78.8,94,40,4.7
75,Bengkulu,ID,2020-08-29 17:36:29,-3.8,102.27,76.53,87,86,4.36
76,Ponta Do Sol,PT,2020-08-29 17:38:26,32.67,-17.1,77.0,50,40,18.34
77,Kutum,SD,2020-08-29 17:38:26,14.2,24.67,78.01,58,81,11.18
78,Panguna,PG,2020-08-29 17:38:27,-6.32,155.48,67.84,100,51,1.83
79,Tiksi,RU,2020-08-29 17:34:59,71.69,128.87,41.38,85,0,7.11
80,Tevriz,RU,2020-08-29 17:38:27,57.51,72.4,55.8,80,61,1.48
81,Esperance,AU,2020-08-29 17:38:27,-33.87,121.9,48.2,81,75,2.24
82,Glendive,US,2020-08-29 17:38:27,47.11,-104.71,80.01,29,1,12.75
83,Carnaiba,BR,2020-08-29 17:38:27,-8.7,-37.67,86.88,42,38,18.86
84,Butaritari,KI,2020-08-29 17:38:27,3.07,172.79,82.58,72,39,11.48
85,Praia,CV,2020-08-29 17:38:28,14.92,-23.51,84.2,74,75,14.99
86,Tres Lagoas,BR,2020-08-29 17:34:05,-20.75,-51.68,97.9,14,0,10.76
87,Tautira,PF,2020-08-29 17:33:35,-17.73,-149.15,75.2,83,20,3.36
88,Manakara,MG,2020-08-29 17:38:28,-22.13,48.02,69.64,88,1,8.63
89,Sechura,PE,2020-08-29 17:38:28,-5.56,-80.82,75.42,50,51,11.32
90,Chaumont,FR,2020-08-29 17:38:28,48.12,5.13,66.99,52,45,3.0
91,Husavik,IS,2020-08-29 17:35:50,66.04,-17.34,51.8,76,75,4.7
92,Ibra,OM,2020-08-29 17:38:28,22.69,58.53,87.37,48,96,8.86
93,Goundi,TD,2020-08-29 17:38:29,9.36,17.37,72.37,96,97,4.14
94,Maldonado,UY,2020-08-29 17:38:29,-34.67,-54.92,55.0,100,90,14.99
95,Nambucca Heads,AU,2020-08-29 17:38:29,-30.65,153.0,51.8,93,9,6.93
96,Kavaratti,IN,2020-08-29 17:38:29,10.57,72.64,82.22,79,70,14.41
97,Mar Del Plata,AR,2020-08-29 17:35:49,-38.0,-57.56,50.0,53,75,16.11
98,San Patricio,MX,2020-08-29 17:38:29,19.22,-104.7,86.0,79,40,6.93
99,Harper,LR,2020-08-29 17:36:30,4.38,-7.72,76.89,80,62,12.66
100,Coquimbo,CL,2020-08-29 17:38:30,-29.95,-71.34,60.8,48,42,12.75
101,Vila,PT,2020-08-29 17:38:30,42.03,-8.16,64.0,59,43,8.01
102,Dingle,PH,2020-08-29 17:38:30,11.0,122.67,75.25,87,100,1.9
103,Pimentel,PE,2020-08-29 17:38:30,-6.84,-79.93,71.6,60,70,13.87
104,East London,ZA,2020-08-29 17:38:30,-33.02,27.91,55.4,62,45,25.28
105,Lata,PT,2020-08-29 17:33:51,40.16,-8.33,75.0,65,0,8.99
106,Arraial Do Cabo,BR,2020-08-29 17:33:12,-22.97,-42.03,82.4,65,0,18.34
107,Rustenburg,ZA,2020-08-29 17:35:16,-25.67,27.24,68.86,24,78,7.34
108,Nikolskoye,RU,2020-08-29 17:35:04,59.7,30.79,59.0,82,75,6.71
109,Ribeira Grande,PT,2020-08-29 17:38:31,38.52,-28.7,78.8,83,40,12.75
110,Nanortalik,GL,2020-08-29 17:38:31,60.14,-45.24,52.45,66,91,9.8
111,Lebu,CL,2020-08-29 17:36:28,-37.62,-73.65,48.92,60,1,15.41
112,Biltine,TD,2020-08-29 17:35:49,14.53,20.92,86.25,57,12,6.55
113,New Norfolk,AU,2020-08-29 17:31:30,-42.78,147.06,51.01,58,89,1.01
114,Carnarvon,AU,2020-08-29 17:36:23,-24.87,113.63,62.6,72,0,13.87
115,Aksu,CN,2020-08-29 17:34:02,41.12,80.26,71.42,33,0,4.59
116,San Juan De Los Morros,VE,2020-08-29 17:38:31,9.91,-67.35,83.39,69,23,0.6
117,Pisco,PE,2020-08-29 17:38:31,-13.7,-76.22,63.0,82,90,6.93
118,Dikson,RU,2020-08-29 17:35:08,73.51,80.55,43.27,99,100,10.45
119,Chilon,MX,2020-08-29 17:38:32,17.23,-92.42,86.0,74,20,6.93
120,Labuhan,ID,2020-08-29 17:38:32,-6.88,112.21,77.5,77,65,7.27
121,Cidreira,BR,2020-08-29 17:38:32,-30.18,-50.21,71.92,68,82,8.1
122,Dawei,MM,2020-08-29 17:38:32,14.08,98.2,77.14,90,66,1.48
123,Sirsaganj,IN,2020-08-29 17:38:32,27.05,78.7,81.34,81,42,7.9
124,San Rafael,AR,2020-08-29 17:38:32,-34.62,-68.33,55.98,38,0,7.78
125,San Jeronimo,PE,2020-08-29 17:38:32,-11.95,-75.28,67.08,26,5,4.32
126,Yaan,NG,2020-08-29 17:38:33,7.38,8.57,74.79,92,72,2.66
127,Sao Joao Da Barra,BR,2020-08-29 17:38:33,-21.64,-41.05,82.4,58,0,20.8
128,Saldanha,ZA,2020-08-29 17:36:27,-33.01,17.94,46.4,70,14,5.82
129,Forrest City,US,2020-08-29 17:38:33,35.01,-90.79,84.99,83,90,3.36
130,Beringovskiy,RU,2020-08-29 17:32:33,63.05,179.32,50.29,88,100,18.88
131,Markova,UA,2020-08-29 17:38:33,48.68,24.41,78.8,61,1,4.47
132,Areosa,PT,2020-08-29 17:38:33,41.72,-8.86,70.0,60,20,13.87
133,Sao Filipe,CV,2020-08-29 17:35:06,14.9,-24.5,81.09,76,89,5.3
134,Kandrian,PG,2020-08-29 17:38:34,-6.22,149.55,76.24,90,47,9.4
135,Chapais,CA,2020-08-29 17:33:47,49.78,-74.85,55.4,62,90,9.17
136,Baruun-Urt,MN,2020-08-29 17:38:34,46.68,113.28,53.96,86,99,11.63
137,Doka,SD,2020-08-29 17:38:34,13.52,35.77,73.06,92,100,6.38
138,Tevaitoa,PF,2020-08-29 17:38:34,-16.78,-151.5,77.77,80,31,26.93
139,Sterling,US,2020-08-29 17:36:14,39.01,-77.43,79.0,88,90,6.93
140,Mahebourg,MU,2020-08-29 17:36:43,-20.41,57.7,71.6,73,75,14.99
141,Kununurra,AU,2020-08-29 17:38:34,-15.77,128.73,62.6,24,14,9.51
142,Kodiak,US,2020-08-29 17:38:34,57.79,-152.41,55.4,76,75,12.75
143,Port Alfred,ZA,2020-08-29 17:36:25,-33.59,26.89,54.45,61,18,20.65
144,Ostersund,SE,2020-08-29 17:35:36,63.18,14.64,57.2,54,2,5.82
145,Haines Junction,CA,2020-08-29 17:38:35,60.75,-137.51,52.99,68,75,3.02
146,Constitucion,CL,2020-08-29 17:38:35,-35.33,-72.42,55.62,66,17,12.66
147,Bethel,US,2020-08-29 17:36:37,41.37,-73.41,75.2,88,90,6.93
148,Middelburg,ZA,2020-08-29 17:38:35,-25.78,29.46,62.44,41,86,5.03
149,Angoche,MZ,2020-08-29 17:38:35,-16.23,39.91,75.25,77,68,16.2
150,Halifax,CA,2020-08-29 17:37:26,44.65,-63.57,72.0,45,100,5.01
151,Taoudenni,ML,2020-08-29 17:38:36,22.68,-3.98,105.44,22,26,21.9
152,Nome,US,2020-08-29 17:38:36,64.5,-165.41,55.4,76,75,11.41
153,Alofi,NU,2020-08-29 17:32:20,-19.06,-169.92,73.4,78,74,8.05
154,Aklavik,CA,2020-08-29 17:38:36,68.22,-135.01,44.6,93,40,5.82
155,Matay,EG,2020-08-29 17:38:36,28.42,30.78,88.95,21,0,7.4
156,Umm Kaddadah,SD,2020-08-29 17:38:36,13.6,26.69,86.59,44,48,3.98
157,Saint-Philippe,RE,2020-08-29 17:35:20,-21.36,55.77,71.6,73,20,12.75
158,Cherskiy,RU,2020-08-29 17:38:36,68.75,161.3,37.09,95,94,4.45
159,Niquero,CU,2020-08-29 17:38:37,20.04,-77.58,85.33,76,24,3.76
160,Te Anau,NZ,2020-08-29 17:34:09,-45.42,167.72,47.89,83,97,7.63
161,Shimoda,JP,2020-08-29 17:36:31,34.67,138.95,80.6,88,75,2.24
162,Port Hedland,AU,2020-08-29 17:38:37,-20.32,118.57,68.0,72,0,6.93
163,Yellowknife,CA,2020-08-29 17:38:37,62.46,-114.35,46.4,100,90,16.11
164,Zhireken,RU,2020-08-29 17:38:37,52.82,117.31,49.17,94,100,6.82
165,Cabo San Lucas,MX,2020-08-29 17:32:24,22.89,-109.91,80.01,100,90,6.93
166,Provideniya,RU,2020-08-29 17:36:25,64.38,-173.3,48.45,81,66,11.7
167,Ancud,CL,2020-08-29 17:36:28,-41.87,-73.82,46.99,94,65,7.0
168,Maridi,SS,2020-08-29 17:38:37,4.92,29.47,68.79,91,96,1.43
169,Upernavik,GL,2020-08-29 17:38:38,72.79,-56.15,41.9,66,0,6.67
170,Yerbogachen,RU,2020-08-29 17:38:38,61.28,108.01,52.86,75,100,4.41
171,Severo-Kurilsk,RU,2020-08-29 17:32:00,50.68,156.12,49.08,92,100,12.12
172,Khokhlovo,RU,2020-08-29 17:38:38,59.15,37.4,55.4,100,75,2.24
173,Luderitz,NA,2020-08-29 17:36:31,-26.65,15.16,55.45,60,13,22.15
174,Xining,CN,2020-08-29 17:37:39,36.62,101.77,49.17,84,100,3.98
175,Birao,CF,2020-08-29 17:38:38,10.28,22.79,74.93,88,98,2.3
176,Victoria,HK,2020-08-29 17:36:15,22.29,114.16,86.0,70,20,2.24
177,Fairbanks,US,2020-08-29 17:35:30,64.84,-147.72,48.99,100,90,2.44
178,Qaanaaq,GL,2020-08-29 17:36:35,77.48,-69.36,40.14,69,0,2.48
179,Camopi,GF,2020-08-29 17:38:39,3.17,-52.32,86.16,69,88,5.44
180,Kaeo,NZ,2020-08-29 17:38:39,-35.1,173.78,45.0,3,0,3.06
181,Yulara,AU,2020-08-29 17:31:36,-25.24,130.99,53.6,27,0,3.36
182,Palmer,US,2020-08-29 17:38:39,42.16,-72.33,75.0,94,100,3.0
183,Karasburg,NA,2020-08-29 17:38:39,-28.02,18.75,43.99,60,79,15.19
184,Oussouye,SN,2020-08-29 17:38:39,12.48,-16.55,82.4,88,75,2.24
185,Kukmor,RU,2020-08-29 17:38:39,56.19,50.89,61.48,88,100,5.12
186,Lazaro Cardenas,MX,2020-08-29 17:38:40,17.96,-102.2,84.43,71,89,5.88
187,Banjar,ID,2020-08-29 17:38:40,-8.19,114.97,78.8,88,75,13.87
188,Kentau,KZ,2020-08-29 17:38:40,43.52,68.51,74.28,30,0,27.58
189,Rawson,AR,2020-08-29 17:36:34,-43.3,-65.1,48.18,43,0,15.57
190,Srednekolymsk,RU,2020-08-29 17:36:25,67.45,153.68,35.65,90,35,3.49
191,Gerash,IR,2020-08-29 17:38:40,27.67,54.14,87.8,40,52,4.7
192,Bannu,PK,2020-08-29 17:38:40,32.99,70.6,92.08,43,0,5.26
193,General Salgado,BR,2020-08-29 17:38:40,-20.65,-50.36,95.11,16,0,9.98
194,Faanui,PF,2020-08-29 17:36:30,-16.48,-151.75,77.4,80,47,24.09
195,Sitka,US,2020-08-29 17:38:41,57.05,-135.33,53.6,81,75,3.2
196,Mackay,AU,2020-08-29 17:38:41,-21.15,149.2,68.0,77,40,17.22
197,Tiznit,MA,2020-08-29 17:38:41,29.58,-9.5,70.47,62,1,6.93
198,Atuona,PF,2020-08-29 17:36:26,-9.8,-139.03,79.16,76,11,19.57
199,San Cristobal,VE,2020-08-29 17:38:41,7.77,-72.22,89.6,52,40,11.41
200,Samana,DO,2020-08-29 17:38:41,19.21,-69.34,91.4,75,20,17.22
201,Flin Flon,CA,2020-08-29 17:36:24,54.77,-101.86,64.4,68,75,6.93
202,Shestakovo,RU,2020-08-29 17:38:42,56.49,103.96,53.04,88,75,2.13
203,Salina,US,2020-08-29 17:36:37,38.84,-97.61,71.01,83,90,9.17
204,Pachino,IT,2020-08-29 17:38:42,36.72,15.09,81.0,75,0,7.54
205,Dzhebariki-Khaya,RU,2020-08-29 17:38:42,62.22,135.8,46.72,54,100,3.09
206,Kaitangata,NZ,2020-08-29 17:36:44,-46.28,169.85,53.01,70,94,11.01
207,Boissevain,CA,2020-08-29 17:38:42,49.23,-100.06,72.0,49,1,6.93
208,Puerto Montt,CL,2020-08-29 17:37:57,-41.47,-72.94,46.4,65,75,4.7
209,Black River,JM,2020-08-29 17:38:42,18.03,-77.85,89.01,74,20,13.87
210,Ketchikan,US,2020-08-29 17:38:43,55.34,-131.65,55.4,93,90,6.93
211,Seydi,TM,2020-08-29 17:38:43,39.48,62.91,78.24,17,0,10.31
212,Okha,RU,2020-08-29 17:38:43,53.57,142.95,48.25,85,0,9.91
213,Berlevag,NO,2020-08-29 17:38:43,70.86,29.09,50.23,77,75,11.14
214,Feijo,BR,2020-08-29 17:38:43,-8.16,-70.35,104.92,25,14,1.41
215,Guerrero Negro,MX,2020-08-29 17:38:43,27.98,-114.06,85.96,51,11,5.19
216,High Level,CA,2020-08-29 17:34:43,58.52,-117.14,50.0,87,75,8.05
217,Treinta Y Tres,UY,2020-08-29 17:38:43,-33.23,-54.38,65.52,88,96,11.52
218,Roald,NO,2020-08-29 17:38:44,62.58,6.13,52.0,87,90,10.29
219,Brownfield,US,2020-08-29 17:38:44,33.18,-102.27,91.99,34,0,1.99
220,Hami,CN,2020-08-29 17:36:19,42.8,93.45,69.51,26,6,1.39
221,Prainha,BR,2020-08-29 17:38:44,-1.8,-53.48,93.83,42,6,5.99
222,Clyde River,CA,2020-08-29 17:35:55,70.47,-68.59,51.8,71,1,14.99
223,Yumen,CN,2020-08-29 17:38:44,40.28,97.2,57.25,48,17,7.23
224,Beloha,MG,2020-08-29 17:38:44,-25.17,45.05,75.76,55,50,3.76
225,Carauari,BR,2020-08-29 17:38:44,-4.88,-66.9,101.8,30,52,1.83
226,Mehamn,NO,2020-08-29 17:38:45,71.04,27.85,47.5,78,46,11.56
227,Souillac,MU,2020-08-29 17:31:56,-20.52,57.52,71.6,73,75,14.99
228,Khatanga,RU,2020-08-29 17:36:25,71.97,102.5,49.78,73,82,7.9
229,Kushiro,JP,2020-08-29 17:38:45,42.98,144.37,55.29,89,100,10.65
230,Gusau,NG,2020-08-29 17:38:45,12.16,6.66,76.69,82,58,6.78
231,Hua Hin,TH,2020-08-29 17:38:45,12.57,99.96,79.29,83,33,4.56
232,Sigiriya,LK,2020-08-29 17:38:45,7.95,80.74,76.3,80,20,10.63
233,Gao,ML,2020-08-29 17:38:46,16.64,1.64,82.96,60,95,4.21
234,Port Elizabeth,ZA,2020-08-29 17:35:03,-33.92,25.57,48.2,87,75,20.8
235,Mollendo,PE,2020-08-29 17:38:46,-17.02,-72.01,61.3,78,100,10.49
236,Vanavara,RU,2020-08-29 17:38:46,60.34,102.28,50.34,86,0,2.39
237,Lagoa,PT,2020-08-29 17:38:46,39.05,-27.98,74.5,94,92,10.0
238,Guadalajara,MX,2020-08-29 17:33:49,20.67,-103.33,75.0,68,75,1.39
239,Sokoni,TZ,2020-08-29 17:38:46,-6.43,39.55,78.8,65,20,15.68
240,Eyl,SO,2020-08-29 17:38:46,7.98,49.82,78.13,74,11,22.95
241,Bandarbeyla,SO,2020-08-29 17:38:47,9.49,50.81,77.16,78,5,30.62
242,Pathein,MM,2020-08-29 17:38:47,16.78,94.73,79.09,89,100,5.68
243,Alice Springs,AU,2020-08-29 17:36:37,-23.7,133.88,50.0,23,12,4.43
244,Sayansk,RU,2020-08-29 17:38:47,54.11,102.16,53.15,96,100,6.31
245,Sabha,LY,2020-08-29 17:38:47,27.04,14.43,94.68,15,0,9.71
246,Vostok,RU,2020-08-29 17:38:47,46.49,135.88,48.9,98,100,8.1
247,Lianzhou,CN,2020-08-29 17:38:47,24.78,112.38,76.01,71,6,1.92
248,Kantunilkin,MX,2020-08-29 17:38:48,21.09,-87.45,87.8,74,75,16.11
249,Okato,NZ,2020-08-29 17:38:48,-39.2,173.88,50.0,93,27,8.01
250,Aden,YE,2020-08-29 17:38:31,12.78,45.04,88.3,58,50,6.76
251,Kungurtug,RU,2020-08-29 17:38:48,50.6,97.52,47.19,85,100,2.04
252,Piacabucu,BR,2020-08-29 17:36:35,-10.41,-36.43,79.63,75,27,15.12
253,Morro Bay,US,2020-08-29 17:38:48,35.37,-120.85,78.01,82,90,4.7
254,Jizan,SA,2020-08-29 17:38:48,17.33,42.67,86.0,62,20,9.17
255,Portland,US,2020-08-29 17:38:20,45.52,-122.68,66.0,67,75,8.05
256,Wajid,SO,2020-08-29 17:38:49,3.81,43.25,81.27,53,36,16.64
257,Abilene,US,2020-08-29 17:36:26,32.45,-99.73,98.01,32,1,5.82
258,Coihaique,CL,2020-08-29 17:38:49,-45.58,-72.07,44.6,48,75,5.82
259,Avera,US,2020-08-29 17:38:49,33.19,-82.53,86.0,74,75,11.41
260,Hualmay,PE,2020-08-29 17:38:49,-11.1,-77.61,66.78,68,64,10.85
261,Atbasar,KZ,2020-08-29 17:38:49,51.8,68.33,67.84,51,8,4.34
262,Corinto,GR,2020-08-29 17:38:49,37.94,22.96,84.99,30,0,1.99
263,Hanna,CA,2020-08-29 17:38:10,51.63,-111.9,57.0,53,80,10.0
264,Orkney,ZA,2020-08-29 17:38:50,-26.98,26.67,56.48,34,7,7.02
265,Tubuala,PA,2020-08-29 17:38:50,9.52,-79.03,90.0,66,40,12.75
266,Kasempa,ZM,2020-08-29 17:38:50,-13.46,25.83,73.83,34,57,2.44
267,San Jose,US,2020-08-29 17:38:04,37.34,-121.89,70.0,68,75,2.13
268,San Quintin,MX,2020-08-29 17:38:50,30.48,-115.95,75.81,64,0,10.74
269,Hambantota,LK,2020-08-29 17:36:06,6.12,81.12,81.5,76,46,17.09
270,Airai,TL,2020-08-29 17:38:50,-8.93,125.41,54.54,50,53,3.56
271,Winnemucca,US,2020-08-29 17:38:50,40.97,-117.74,80.6,22,1,4.7
272,Klaksvik,FO,2020-08-29 17:33:49,62.23,-6.59,50.0,76,100,8.05
273,Matagami,CA,2020-08-29 17:32:31,49.75,-77.63,59.0,72,75,5.26
274,Bulgan,MN,2020-08-29 17:38:51,48.81,103.53,49.41,89,100,4.21
275,Vao,NC,2020-08-29 17:38:51,-22.67,167.48,66.27,71,47,20.85
276,Dunedin,NZ,2020-08-29 17:38:51,-45.87,170.5,55.0,57,43,11.99
277,Villa Maria,AR,2020-08-29 17:38:51,-32.41,-63.24,60.01,51,97,11.01
278,Ballina,AU,2020-08-29 17:38:51,-28.87,153.57,55.4,93,40,2.24
279,Sosnovo-Ozerskoye,RU,2020-08-29 17:38:52,52.52,111.54,47.93,96,100,6.6
280,Havelock,US,2020-08-29 17:34:34,34.88,-76.9,89.6,59,40,13.87
281,Morondava,MG,2020-08-29 17:38:52,-20.28,44.28,74.86,85,0,9.13
282,Lavrentiya,RU,2020-08-29 17:36:42,65.58,-171.0,44.78,76,69,10.47
283,Brae,GB,2020-08-29 17:38:52,60.4,-1.35,51.8,71,63,12.75
284,Tibati,CM,2020-08-29 17:38:52,6.47,12.63,69.58,87,76,2.15
285,Tessalit,ML,2020-08-29 17:38:52,20.2,1.01,79.07,69,62,12.71
286,Panyutyne,UA,2020-08-29 17:38:52,48.93,36.28,67.19,53,24,2.26
287,Skibbereen,IE,2020-08-29 17:38:53,51.55,-9.27,57.2,58,75,18.34
288,Kerman,IR,2020-08-29 17:38:53,30.28,57.08,73.4,11,0,6.93
289,Antofagasta,CL,2020-08-29 17:38:53,-23.65,-70.4,59.0,67,20,12.75
290,Waiuku,NZ,2020-08-29 17:38:53,-37.25,174.75,55.0,100,2,3.36
291,Moerai,PF,2020-08-29 17:38:53,-22.43,-151.33,69.53,73,44,18.92
292,Buchanan,LR,2020-08-29 17:38:53,5.88,-10.05,80.6,83,75,11.41
293,Marawi,PH,2020-08-29 17:38:54,8.0,124.29,75.99,89,100,5.99
294,Flinders,AU,2020-08-29 17:38:54,-34.58,150.86,53.01,80,0,1.01
295,Half Moon Bay,US,2020-08-29 17:36:07,37.46,-122.43,68.0,82,90,7.07
296,Axim,GH,2020-08-29 17:38:54,4.87,-2.24,75.87,83,31,11.01
297,Kristiansund,NO,2020-08-29 17:38:42,63.11,7.73,53.6,66,82,14.99
298,Pasni,PK,2020-08-29 17:36:16,25.26,63.47,81.52,85,19,14.7
299,Vila Do Maio,CV,2020-08-29 17:39:23,15.13,-23.22,84.2,74,75,14.99
300,Lysychovo,UA,2020-08-29 17:39:23,48.5,23.29,61.0,85,0,7.0
301,Vikravandi,IN,2020-08-29 17:39:23,12.03,79.55,82.98,74,54,10.65
302,Roma,US,2020-08-29 17:34:39,43.21,-75.46,80.01,74,1,6.93
303,Taquarituba,BR,2020-08-29 17:39:23,-23.53,-49.24,85.14,35,0,7.45
304,Porto Novo,BJ,2020-08-29 17:39:23,6.5,2.6,80.6,78,40,14.99
305,Kloulklubed,PW,2020-08-29 17:35:05,7.04,134.26,77.0,88,75,8.32
306,Voyvozh,RU,2020-08-29 17:39:24,62.89,54.96,51.66,96,100,6.55
307,Columbus,US,2020-08-29 17:36:08,39.96,-83.0,84.0,58,40,17.22
308,Byron Bay,AU,2020-08-29 17:39:24,-28.65,153.62,55.4,93,40,2.24
309,Kozhva,RU,2020-08-29 17:39:24,65.11,57.05,49.17,82,47,4.27
310,Novikovo,RU,2020-08-29 17:39:24,51.15,37.89,64.0,72,46,2.37
311,Shenjiamen,CN,2020-08-29 17:39:24,29.96,122.3,79.59,92,95,3.83
312,Bakel,SN,2020-08-29 17:39:25,14.9,-12.46,89.01,62,62,14.12
313,Olinda,BR,2020-08-29 17:39:25,-8.01,-34.86,84.2,70,40,10.29
314,Coahuayana,MX,2020-08-29 17:39:25,18.73,-103.68,77.0,83,90,4.61
315,Conde,BR,2020-08-29 17:36:03,-7.26,-34.91,82.4,65,75,13.87
316,Myaundzha,RU,2020-08-29 17:39:25,63.05,147.19,29.91,94,0,1.12
317,Priargunsk,RU,2020-08-29 17:39:25,50.37,119.1,53.82,93,100,5.01
318,Novoanninskiy,RU,2020-08-29 17:39:25,50.53,42.67,64.99,76,16,4.65
319,Saint-Pierre,RE,2020-08-29 17:39:26,-21.34,55.48,71.6,73,20,12.75
320,Isangel,VU,2020-08-29 17:39:26,-19.55,169.27,72.41,85,99,20.31
321,Castro,BR,2020-08-29 17:35:39,-24.79,-50.01,77.86,48,0,6.15
322,Yunyang,CN,2020-08-29 17:39:26,33.45,112.71,73.04,81,0,2.57
323,Wenatchee,US,2020-08-29 17:39:26,47.42,-120.31,77.0,33,1,18.34
324,Borsodnadasd,HU,2020-08-29 17:39:26,48.12,20.25,77.2,56,20,5.08
325,Singkang,MY,2020-08-29 17:39:26,2.1,102.8,78.8,94,20,2.24
326,Tarrega,ES,2020-08-29 17:39:27,41.65,1.14,77.0,71,33,5.01
327,Dunmore East,IE,2020-08-29 17:39:27,52.15,-6.99,57.99,62,75,10.29
328,Babati,TZ,2020-08-29 17:39:27,-4.22,35.75,66.25,55,9,5.48
329,Milkovo,RU,2020-08-29 17:39:27,54.72,158.62,43.21,91,100,1.99
330,Dordrecht,NL,2020-08-29 17:39:27,51.81,4.67,64.99,78,36,4.0
331,Torbay,CA,2020-08-29 17:31:52,47.67,-52.73,66.99,55,75,21.92
332,Sawtell,AU,2020-08-29 17:39:27,-30.38,153.1,51.8,93,10,6.93
333,Elko,US,2020-08-29 17:39:28,41.0,-115.5,82.99,22,0,5.99
334,Iqaluit,CA,2020-08-29 17:36:42,63.75,-68.51,55.4,62,75,20.8
335,Kenai,US,2020-08-29 17:37:25,60.55,-151.26,50.0,87,1,3.36
336,Smoky Lake,CA,2020-08-29 17:35:59,54.12,-112.47,50.0,86,100,1.99
337,Havre-Saint-Pierre,CA,2020-08-29 17:39:28,50.23,-63.6,59.0,58,1,17.22
338,Saa,CM,2020-08-29 17:39:28,4.37,11.45,72.16,89,46,5.1
339,Barra Do Garcas,BR,2020-08-29 17:39:28,-15.89,-52.26,99.64,12,0,6.64
340,Chuy,UY,2020-08-29 17:39:29,-33.7,-53.46,63.37,90,97,7.27
341,Makakilo City,US,2020-08-29 17:39:29,21.35,-158.09,78.8,73,1,4.7
342,Arlit,NE,2020-08-29 17:39:29,18.74,7.39,94.75,35,2,10.07
343,Paamiut,GL,2020-08-29 17:39:29,61.99,-49.67,43.63,91,94,5.88
344,Havoysund,NO,2020-08-29 17:39:29,71.0,24.66,48.2,76,68,10.29
345,Samoded,RU,2020-08-29 17:39:29,63.61,40.51,50.9,98,100,2.73
346,Sur,OM,2020-08-29 17:39:30,22.57,59.53,84.83,66,96,11.99
347,Juneau,US,2020-08-29 17:35:05,58.3,-134.42,51.01,93,75,3.36
348,Narsaq,GL,2020-08-29 17:36:32,60.92,-46.05,62.6,29,40,21.92
349,Mabaruma,GY,2020-08-29 17:39:30,8.2,-59.78,86.13,70,88,3.58
350,Iisalmi,FI,2020-08-29 17:39:30,63.56,27.19,57.2,71,50,6.93
351,Vesyegonsk,RU,2020-08-29 17:39:30,58.66,37.26,53.58,92,62,4.79
352,Morant Bay,JM,2020-08-29 17:39:28,17.88,-76.41,89.6,70,20,11.41
353,Maceio,BR,2020-08-29 17:36:13,-9.67,-35.74,82.4,69,75,14.99
354,Tocopilla,CL,2020-08-29 17:39:30,-22.09,-70.2,66.76,48,12,11.34
355,Bambous Virieux,MU,2020-08-29 17:35:05,-20.34,57.76,71.6,73,75,14.99
356,Lethem,GY,2020-08-29 17:37:02,3.38,-59.8,80.65,79,96,3.69
357,Samarai,PG,2020-08-29 17:39:31,-10.62,150.67,78.24,86,76,14.32
358,Tabuk,PH,2020-08-29 17:36:08,17.42,121.44,75.22,83,100,1.59
359,Ilulissat,GL,2020-08-29 17:39:31,69.22,-51.1,48.2,63,75,3.36
360,Nemuro,JP,2020-08-29 17:39:31,43.32,145.57,57.33,76,100,15.52
361,Horsham,GB,2020-08-29 17:39:31,51.06,-0.33,57.99,71,75,12.75
362,Paramonga,PE,2020-08-29 17:39:31,-10.67,-77.83,66.83,68,67,11.74
363,Longhua,CN,2020-08-29 17:39:32,23.61,114.19,78.48,72,17,0.63
364,Bilibino,RU,2020-08-29 17:36:21,68.05,166.44,43.84,81,100,4.34
365,Sao Miguel Do Araguaia,BR,2020-08-29 17:39:32,-13.28,-50.16,100.9,14,22,10.45
366,Kasane,BW,2020-08-29 17:39:32,-17.82,25.15,84.2,37,64,3.36
367,Ouahigouya,BF,2020-08-29 17:39:32,13.58,-2.42,83.41,67,79,9.98
368,Ngawen,ID,2020-08-29 17:39:32,-7.0,111.31,75.29,71,79,8.55
369,Landau,DE,2020-08-29 17:39:32,49.21,8.11,69.01,58,100,1.01
370,Chegutu,ZW,2020-08-29 17:39:32,-18.13,30.14,73.72,21,0,2.91
371,Codrington,AU,2020-08-29 17:39:33,-38.27,141.97,58.8,36,100,22.41
372,Rudabanya,HU,2020-08-29 17:39:33,48.38,20.63,77.0,73,11,4.7
373,Magelang,ID,2020-08-29 17:34:37,-7.47,110.22,69.12,87,60,0.78
374,Bodden Town,KY,2020-08-29 17:39:33,19.28,-81.25,89.6,79,20,10.29
375,Male,MV,2020-08-29 17:39:33,4.17,73.51,84.2,79,75,4.7
376,Susanville,US,2020-08-29 17:39:34,40.42,-120.65,82.0,23,1,2.33
377,Piterka,RU,2020-08-29 17:39:34,50.68,47.45,69.22,58,2,8.05
378,Kosh-Agach,RU,2020-08-29 17:39:34,50.0,88.67,38.64,83,35,2.53
379,Sciacca,IT,2020-08-29 17:39:34,37.51,13.09,77.0,71,0,5.99
380,Sobolevo,RU,2020-08-29 17:39:34,54.43,31.9,59.41,94,93,9.24
381,Sorland,NO,2020-08-29 17:39:34,67.67,12.69,49.12,73,92,10.45
382,Asilah,MA,2020-08-29 17:39:35,35.47,-6.03,73.4,49,0,8.05
383,Galle,LK,2020-08-29 17:39:35,6.04,80.22,80.64,81,35,10.78
384,Diffa,NE,2020-08-29 17:39:35,13.32,12.61,74.77,91,67,16.15
385,Castelo Branco,PT,2020-08-29 17:39:35,39.82,-7.49,77.0,30,2,10.54
386,Santa Cruz,BO,2020-08-29 17:36:58,-17.8,-63.17,91.4,46,0,23.04
387,Fazalpur,PK,2020-08-29 17:39:35,32.18,75.07,84.2,83,14,3.33
388,Saint George,US,2020-08-29 17:39:35,37.1,-113.58,88.0,22,1,12.75
389,Carutapera,BR,2020-08-29 17:39:36,-1.2,-46.02,86.18,61,67,12.66
390,Biak,ID,2020-08-29 17:39:36,-0.91,122.88,76.42,81,97,8.23
391,Seoul,KR,2020-08-29 17:39:36,37.57,126.98,77.0,100,90,2.77
392,Geraldton,AU,2020-08-29 17:39:36,-28.77,114.6,42.8,93,0,13.6
393,Minyar,RU,2020-08-29 17:39:36,55.07,57.55,64.35,69,100,3.31
394,Ulaangom,MN,2020-08-29 17:39:36,49.98,92.07,55.98,57,99,4.81
395,Mitsamiouli,KM,2020-08-29 17:39:37,-11.38,43.28,78.8,65,20,2.24
396,Vaitape,PF,2020-08-29 17:39:37,-16.52,-151.75,78.15,79,44,24.29
397,Vestmannaeyjar,IS,2020-08-29 17:39:37,63.44,-20.27,53.6,76,40,8.05
398,Jatai,BR,2020-08-29 17:39:37,-17.88,-51.71,94.69,12,0,7.02
399,Redmond,US,2020-08-29 17:39:37,47.67,-122.12,66.0,77,72,3.24
400,Qaqortoq,GL,2020-08-29 17:39:37,60.72,-46.03,62.6,29,40,21.92
401,El Bagre,CO,2020-08-29 17:39:37,7.59,-74.81,84.25,81,86,1.83
402,Khatassy,RU,2020-08-29 17:39:38,61.9,129.64,51.8,76,100,2.24
403,Bouloupari,NC,2020-08-29 17:39:38,-21.87,166.05,62.6,77,90,3.36
404,Saint-Vallier,FR,2020-08-29 17:39:38,46.64,4.37,71.6,40,9,11.41
405,Umea,SE,2020-08-29 17:36:29,63.83,20.26,59.0,72,2,3.36
406,Barcelona,ES,2020-08-29 17:39:32,41.39,2.16,68.0,72,40,3.36
407,Tilichiki,RU,2020-08-29 17:39:38,60.47,166.1,40.87,84,94,3.83
408,Banda Aceh,ID,2020-08-29 17:39:38,5.56,95.32,79.92,78,83,3.44
409,Emerald,AU,2020-08-29 17:39:39,-23.53,148.17,55.4,82,0,6.93
410,Gat,IL,2020-08-29 17:39:39,31.61,34.76,84.99,77,0,3.0
411,Bay Roberts,CA,2020-08-29 17:39:39,47.6,-53.26,66.99,59,0,8.99
412,Belaya Gora,RU,2020-08-29 17:39:39,68.53,146.42,35.31,89,27,4.38
413,Strazske,SK,2020-08-29 17:39:39,48.87,21.84,77.0,73,0,4.7
414,Plymouth,US,2020-08-29 17:37:29,41.83,-70.83,77.0,88,90,12.75
415,Acapulco,MX,2020-08-29 17:36:14,16.86,-99.89,80.6,83,75,6.93
416,Deputatskiy,RU,2020-08-29 17:39:39,69.3,139.9,29.3,100,35,2.42
417,Richards Bay,ZA,2020-08-29 17:39:40,-28.78,32.04,68.36,77,90,12.06
418,Mopti,ML,2020-08-29 17:39:40,14.67,-4.0,88.25,49,88,7.4
419,Guatire,VE,2020-08-29 17:39:40,10.48,-66.54,82.99,55,16,4.32
420,Hagere Hiywet,ET,2020-08-29 17:39:40,8.98,37.85,56.93,83,99,1.61
421,Eureka,US,2020-08-29 17:37:54,40.8,-124.16,59.0,100,90,3.36
422,Brekstad,NO,2020-08-29 17:38:07,63.69,9.67,55.0,71,75,10.29
423,Tunceli,TR,2020-08-29 17:39:40,39.11,39.55,82.4,18,0,5.82
424,Nuuk,GL,2020-08-29 17:38:20,64.18,-51.72,55.4,71,75,2.24
425,Sitio Novo Do Tocantins,BR,2020-08-29 17:39:41,-5.52,-47.46,91.4,46,40,9.17
426,Vientiane,LA,2020-08-29 17:39:41,17.97,102.6,77.58,88,84,2.3
427,Arman,RU,2020-08-29 17:39:41,59.7,150.17,42.42,70,1,9.64
428,Coos Bay,US,2020-08-29 17:37:00,43.37,-124.22,64.99,77,1,17.22
429,Sarkand,KZ,2020-08-29 17:39:41,45.41,79.92,60.13,42,0,3.8
430,Luleburgaz,TR,2020-08-29 17:39:41,41.4,27.36,75.2,78,0,20.8
431,Erzin,TR,2020-08-29 17:39:41,36.96,36.2,86.0,87,0,1.59
432,Tura,IN,2020-08-29 17:37:22,25.52,90.22,74.82,95,73,4.41
433,Kansk,RU,2020-08-29 17:39:42,56.2,95.72,52.59,88,7,2.53
434,Pangnirtung,CA,2020-08-29 17:39:42,66.15,-65.71,53.6,62,20,11.41
435,Tamandare,BR,2020-08-29 17:39:42,-8.76,-35.1,79.61,73,21,13.4
436,Taybad,IR,2020-08-29 17:39:42,34.74,60.78,70.47,23,0,15.9
437,Bani Walid,LY,2020-08-29 17:39:42,31.76,13.99,86.5,30,0,18.52
438,Gopalur,IN,2020-08-29 17:39:42,16.62,77.8,76.39,84,100,8.16
439,Sisimiut,GL,2020-08-29 17:39:43,66.94,-53.67,47.64,91,100,6.62
440,Berezovyy,RU,2020-08-29 17:39:43,51.67,135.7,46.02,70,52,2.1
441,Svetlogorsk,BY,2020-08-29 17:39:43,52.63,29.73,64.36,77,20,10.51
442,Nishihara,JP,2020-08-29 17:39:43,26.18,127.76,82.4,83,20,5.82
443,Lasa,IT,2020-08-29 17:35:57,46.62,10.7,55.99,93,75,5.82
444,Iwaki,JP,2020-08-29 17:39:43,37.05,140.88,82.99,96,61,2.08
445,Belyy Yar,RU,2020-08-29 17:39:43,53.6,91.39,53.6,93,26,3.87
446,Haridwar,IN,2020-08-29 17:36:13,29.97,78.17,79.02,80,0,2.86
447,Touros,BR,2020-08-29 17:37:54,-5.2,-35.46,82.4,69,40,14.99
448,Tezu,IN,2020-08-29 17:39:44,27.92,96.17,77.11,77,80,2.84
449,Nantucket,US,2020-08-29 17:37:12,41.28,-70.1,75.2,88,75,16.11
450,Ornskoldsvik,SE,2020-08-29 17:39:44,63.29,18.72,57.2,67,10,6.93
451,Itupiranga,BR,2020-08-29 17:39:44,-5.13,-49.33,96.8,44,40,8.05
452,Buala,SB,2020-08-29 17:39:44,-8.14,159.59,80.1,82,85,6.67
453,Shamary,RU,2020-08-29 17:39:44,57.34,58.22,60.89,89,97,4.45
454,Bakchar,RU,2020-08-29 17:39:45,57.02,82.07,55.65,97,51,3.02
455,Yarada,IN,2020-08-29 17:39:45,17.65,83.27,84.2,89,40,4.7
456,Saquarema,BR,2020-08-29 17:39:45,-22.92,-42.51,82.4,48,0,21.92
457,Utete,TZ,2020-08-29 17:39:45,-7.99,38.76,72.73,80,26,6.91
458,Ewa Beach,US,2020-08-29 17:39:45,21.32,-158.01,78.8,73,1,4.7
459,Volnovakha,UA,2020-08-29 17:39:45,47.6,37.5,73.99,100,0,5.01
460,Sinegorye,RU,2020-08-29 17:39:45,62.08,150.48,31.8,95,23,2.46
461,Nara,JP,2020-08-29 17:39:46,34.69,135.8,81.0,92,10,0.54
462,Bara,NG,2020-08-29 17:39:46,10.37,10.73,76.64,86,83,2.15
463,Barquisimeto,VE,2020-08-29 17:39:46,10.07,-69.32,95.0,36,90,6.93
464,Claremore,US,2020-08-29 17:39:46,36.31,-95.62,78.01,77,89,1.99
465,Itapirapua,BR,2020-08-29 17:39:46,-15.82,-50.61,101.14,12,0,5.14
466,Kasangulu,CD,2020-08-29 17:39:46,-4.59,15.17,84.2,58,20,11.41
467,Vila Franca Do Campo,PT,2020-08-29 17:39:47,37.72,-25.43,77.0,88,40,14.99
468,Lensk,RU,2020-08-29 17:39:47,60.73,114.93,52.12,92,84,4.21
469,Jarvakandi,EE,2020-08-29 17:39:47,58.78,24.83,55.0,99,100,7.45
470,Ambon,ID,2020-08-29 17:36:16,-3.7,128.18,77.94,85,94,14.27
471,Svetla Nad Sazavou,CZ,2020-08-29 17:39:47,49.67,15.4,63.0,89,99,1.01
472,Barrancas,CO,2020-08-29 17:39:47,10.96,-72.79,93.2,56,40,20.8
473,Samsun,TR,2020-08-29 17:39:47,41.25,36.33,71.6,83,40,1.74
474,Soc Trang,VN,2020-08-29 17:39:48,9.6,105.98,79.02,89,8,5.95
475,Chokurdakh,RU,2020-08-29 17:39:48,70.63,147.92,37.53,96,100,5.01
476,Zelenogradsk,RU,2020-08-29 17:39:48,54.96,20.48,66.2,82,20,8.95
477,Chernyshevskiy,RU,2020-08-29 17:39:48,63.01,112.47,49.41,85,70,1.32
478,Longyearbyen,SJ,2020-08-29 17:38:42,78.22,15.64,42.8,86,75,19.46
479,Saskylakh,RU,2020-08-29 17:39:48,71.92,114.08,51.26,61,99,4.74
480,Rudbar,AF,2020-08-29 17:39:48,30.15,62.6,79.86,16,0,13.71
481,Mercedes,AR,2020-08-29 17:39:49,-34.65,-59.43,59.0,83,61,1.99
482,Chitral,PK,2020-08-29 17:39:49,35.85,71.79,73.71,44,47,4.09
483,Puerto Salgar,CO,2020-08-29 17:39:49,5.46,-74.65,86.07,64,62,5.99
484,Ozernovskiy,RU,2020-08-29 17:39:49,51.5,156.52,49.03,93,100,3.69
485,Santiago Del Estero,AR,2020-08-29 17:39:49,-27.8,-64.26,82.94,42,30,16.58
486,Pitimbu,BR,2020-08-29 17:39:49,-7.47,-34.81,82.4,65,75,13.87
487,Pacific Grove,US,2020-08-29 17:39:49,36.62,-121.92,62.6,72,90,3.36
488,Teahupoo,PF,2020-08-29 17:39:50,-17.83,-149.27,75.2,83,20,3.36
489,Talnakh,RU,2020-08-29 17:39:50,69.49,88.4,51.8,100,34,4.47
490,Yeniseysk,RU,2020-08-29 17:36:35,58.45,92.17,51.08,94,26,2.68
491,Sfantu Gheorghe,RO,2020-08-29 17:35:29,45.87,25.78,73.0,57,0,3.04
492,Sovetskiy,RU,2020-08-29 17:39:50,61.36,63.58,58.55,78,99,8.81
493,Suluq,LY,2020-08-29 17:39:50,31.67,20.25,80.04,57,0,14.12
494,Kalengwa,ZM,2020-08-29 17:39:50,-13.47,25.0,76.01,35,51,2.59
495,Elizabeth City,US,2020-08-29 17:39:50,36.29,-76.25,89.6,70,75,23.04
496,Igrim,RU,2020-08-29 17:39:51,63.19,64.42,55.83,77,100,9.98
497,Manjeshwar,IN,2020-08-29 17:39:51,12.72,74.89,77.0,88,75,3.36
498,Nagua,DO,2020-08-29 17:39:51,19.38,-69.85,87.8,70,20,4.7
499,Eydhafushi,MV,2020-08-29 17:39:51,5.1,73.07,83.7,64,78,1.95
500,Tumaco,CO,2020-08-29 17:36:14,1.8,-78.82,79.84,78,79,10.0
501,Shahumyan,AM,2020-08-29 17:39:51,39.94,44.57,80.6,32,0,23.04
502,Paso De Carrasco,UY,2020-08-29 17:39:51,-34.86,-56.05,57.2,100,90,17.22
503,Thonon-Les-Bains,FR,2020-08-29 17:39:52,46.25,6.5,60.01,87,90,2.24
504,Olkhovatka,RU,2020-08-29 17:39:52,50.28,39.29,65.46,69,26,3.69
505,Fare,PF,2020-08-29 17:39:52,-16.7,-151.02,78.1,78,67,24.58
506,Bon Air,US,2020-08-29 17:34:55,37.52,-77.56,82.0,78,90,12.75
507,Tecolutla,MX,2020-08-29 17:39:52,20.48,-97.02,68.0,64,75,10.29
508,Maua,BR,2020-08-29 17:37:44,-23.67,-46.46,86.0,30,0,4.7
509,Karratha,AU,2020-08-29 17:39:52,-20.74,116.85,75.72,45,0,5.59
510,Hegang,CN,2020-08-29 17:39:52,47.4,130.37,58.23,100,100,7.16
511,Mantua,IT,2020-08-29 17:39:53,45.17,10.78,69.01,90,97,3.0
512,Salinopolis,BR,2020-08-29 17:39:53,-0.61,-47.36,84.76,68,32,17.27
513,Slave Lake,CA,2020-08-29 17:39:53,55.28,-114.77,53.6,66,75,13.87
514,Cotoca,BO,2020-08-29 17:39:53,-17.82,-63.05,91.4,46,1,23.04
515,Nenjiang,CN,2020-08-29 17:39:53,49.18,125.22,53.22,94,100,9.01
516,Grand-Lahou,CI,2020-08-29 17:39:53,5.14,-5.02,76.23,83,25,9.93
517,Iwanai,JP,2020-08-29 17:39:54,42.97,140.51,66.2,87,99,11.03
518,Praia Da Vitoria,PT,2020-08-29 17:32:15,38.73,-27.07,80.6,74,40,13.13
519,Adeje,ES,2020-08-29 17:37:19,28.12,-16.73,82.4,58,75,23.04
520,Kitgum,UG,2020-08-29 17:39:54,3.28,32.89,68.54,90,87,1.79
521,Caico,BR,2020-08-29 17:38:07,-6.46,-37.1,91.76,37,100,23.15
522,Dorogobuzh,RU,2020-08-29 17:39:54,54.91,33.3,58.15,86,84,6.69
523,Fonte Boa,BR,2020-08-29 17:39:54,-2.5,-66.27,93.16,46,71,4.23
524,Qasigiannguit,GL,2020-08-29 17:39:54,68.82,-51.19,48.2,58,75,3.36
525,Gigmoto,PH,2020-08-29 17:39:55,13.78,124.39,78.49,72,100,12.1
526,Xichang,CN,2020-08-29 17:39:55,27.9,102.26,67.55,76,100,1.57
527,Mangrol,IN,2020-08-29 17:39:55,21.12,70.12,78.62,92,100,13.71
528,Udachnyy,RU,2020-08-29 17:36:59,66.42,112.4,51.8,50,75,4.47
529,Dwarka,IN,2020-08-29 17:39:56,22.24,68.97,82.04,86,100,18.59
530,Lahaina,US,2020-08-29 17:39:56,20.88,-156.68,78.8,78,20,6.93
531,Dongsheng,CN,2020-08-29 17:39:56,39.82,109.98,63.19,79,100,14.14
532,Akhmim,EG,2020-08-29 17:39:56,26.56,31.75,95.0,21,0,8.05
533,Scarborough,GB,2020-08-29 17:39:56,54.28,-0.4,53.01,84,100,8.01
534,Belgrade,RS,2020-08-29 17:36:05,44.8,20.47,87.8,45,4,9.17
535,Marsh Harbour,BS,2020-08-29 17:35:21,26.54,-77.06,85.42,66,99,3.94
536,Tadine,NC,2020-08-29 17:39:57,-21.55,167.88,66.92,77,90,18.68
537,Huarmey,PE,2020-08-29 17:39:57,-10.07,-78.15,67.37,67,60,12.01
538,Mandalgovi,MN,2020-08-29 17:39:57,45.76,106.27,57.45,70,100,5.35
539,Zhangjiakou,CN,2020-08-29 17:37:08,40.81,114.88,68.95,84,95,7.58
540,Waipawa,NZ,2020-08-29 17:39:57,-41.41,175.52,55.4,76,5,17.22
541,Omaruru,NA,2020-08-29 17:39:57,-21.43,15.93,50.86,38,0,9.53
542,Nyurba,RU,2020-08-29 17:39:58,63.28,118.33,47.44,95,89,2.46
543,Padang,ID,2020-08-29 17:37:15,-0.95,100.35,77.97,81,87,5.84
544,Ayolas,PY,2020-08-29 17:39:58,-27.4,-56.9,92.62,38,19,6.87
545,Amboise,FR,2020-08-29 17:39:58,47.41,0.98,60.8,77,49,10.29
546,Daru,PG,2020-08-29 17:39:58,-9.08,143.21,77.52,88,100,17.63
547,Tagusao,PH,2020-08-29 17:39:58,9.19,117.81,80.62,79,100,3.58
548,Palafrugell,ES,2020-08-29 17:37:52,41.92,3.16,72.0,86,66,11.81
549,Wilson,US,2020-08-29 17:35:29,36.15,-86.28,86.0,74,90,4.7
550,Banyo,CM,2020-08-29 17:36:29,6.75,11.82,67.06,90,32,1.32
551,Vardo,NO,2020-08-29 17:39:59,70.37,31.11,52.5,72,79,13.38
552,Grindavik,IS,2020-08-29 17:37:18,63.84,-22.43,53.6,87,90,13.87
553,Lorengau,PG,2020-08-29 17:39:59,-2.02,147.27,81.0,82,50,11.39
554,Prince George,CA,2020-08-29 17:39:59,53.92,-122.75,53.01,62,1,11.41
555,Santander,ES,2020-08-29 17:39:33,43.46,-3.8,66.2,59,75,12.75
556,Nanyamba,TZ,2020-08-29 17:39:59,-10.68,39.83,75.2,83,40,9.17
557,Pucallpa,PE,2020-08-29 17:35:15,-8.38,-74.55,91.4,55,20,10.29
558,Navalmoral De La Mata,ES,2020-08-29 17:39:59,39.89,-5.54,77.45,22,0,12.12
559,Sorong,ID,2020-08-29 17:39:59,-0.88,131.25,76.55,87,100,6.87
560,Tyret Pervaya,RU,2020-08-29 17:40:00,53.67,102.31,54.82,94,100,10.58
561,High Rock,BS,2020-08-29 17:40:00,26.62,-78.28,86.0,84,75,1.12
562,Warmbad,NA,2020-08-29 17:40:00,-28.45,18.73,45.55,58,56,14.81
563,Ostrovnoy,RU,2020-08-29 17:40:00,68.05,39.51,45.07,80,82,6.26
564,Florianopolis,BR,2020-08-29 17:40:00,-27.61,-48.5,77.0,65,3,13.87
565,Port Blair,IN,2020-08-29 17:40:00,11.67,92.75,82.54,77,24,4.74
